{"cameraMode":{"drawMode":0,"name":"Shaded","section":"Shading Mode"},"sceneLighting":true,"audioPlay":false,"sceneViewState":{"showFog":true,"showMaterialUpdate":false,"showSkybox":true,"showFlares":true,"showImageEffects":true,"showParticleSystems":true},"in2DMode":false,"pivot":{"x":551.6273193359375,"y":364.7681884765625,"z":-106.78466796875},"rotation":{"x":0.00034350919304415584,"y":0.9994358420372009,"z":-0.03180240839719772,"w":0.01079521980136633},"size":2311.346923828125,"orthographic":false}